{
  "Winner": {
    "cv_mean_accuracy": 0.5162817707911298,
    "cv_std_accuracy": 0.02121234086235395,
    "train_accuracy": 0.5387968613775065,
    "val_accuracy": 0.5075493612078978
  },
  "BTTS": {
    "cv_mean_accuracy": 0.5267244685735895,
    "cv_std_accuracy": 0.03873051206850597,
    "train_accuracy": 0.6344086021505376,
    "val_accuracy": 0.5667828106852497
  },
  "Over_1_5": {
    "cv_mean_accuracy": 0.7712665100072927,
    "cv_std_accuracy": 0.011802654435059382,
    "train_accuracy": 0.7770996803254868,
    "val_accuracy": 0.7770034843205574
  },
  "Over_2_5": {
    "cv_mean_accuracy": 0.5615936039759069,
    "cv_std_accuracy": 0.031631467301596446,
    "train_accuracy": 0.6419645451903516,
    "val_accuracy": 0.5888501742160279
  },
  "Double_Chance": {
    "cv_mean_accuracy": 0.723157496691246,
    "cv_std_accuracy": 0.012027983152997473,
    "train_accuracy": 0.7422260970648067,
    "val_accuracy": 0.727061556329849
  }
}