{
  "Winner": {
    "cv_mean_accuracy": 0.5174543141023905,
    "cv_std_accuracy": 0.01900967051884012,
    "train_accuracy": 0.5447934845840605,
    "val_accuracy": 0.5093023255813953
  },
  "BTTS": {
    "cv_mean_accuracy": 0.5246500798657173,
    "cv_std_accuracy": 0.039323417380214234,
    "train_accuracy": 0.6259453170447935,
    "val_accuracy": 0.5465116279069767
  },
  "Over_1_5": {
    "cv_mean_accuracy": 0.7715177193599914,
    "cv_std_accuracy": 0.011496036157717184,
    "train_accuracy": 0.777196044211751,
    "val_accuracy": 0.7779069767441861
  },
  "Over_2_5": {
    "cv_mean_accuracy": 0.5567604299212172,
    "cv_std_accuracy": 0.033747308782183266,
    "train_accuracy": 0.6358347876672484,
    "val_accuracy": 0.586046511627907
  },
  "Double_Chance": {
    "cv_mean_accuracy": 0.7242965048596257,
    "cv_std_accuracy": 0.010982509175831556,
    "train_accuracy": 0.7463641652123327,
    "val_accuracy": 0.7244186046511628
  }
}