{
  "Winner": {
    "cv_mean_accuracy": 0.5108136130318275,
    "cv_std_accuracy": 0.01991219627855992,
    "train_accuracy": 0.5373586986490212,
    "val_accuracy": 0.5137816979051819
  },
  "BTTS": {
    "cv_mean_accuracy": 0.5262286703125799,
    "cv_std_accuracy": 0.03990025292649724,
    "train_accuracy": 0.6228287841191067,
    "val_accuracy": 0.5501653803748622
  },
  "Over_1_5": {
    "cv_mean_accuracy": 0.7692913347498364,
    "cv_std_accuracy": 0.016549631855290507,
    "train_accuracy": 0.7777777777777778,
    "val_accuracy": 0.7772877618522602
  },
  "Over_2_5": {
    "cv_mean_accuracy": 0.554016467455722,
    "cv_std_accuracy": 0.044849560887796236,
    "train_accuracy": 0.6280672732285636,
    "val_accuracy": 0.5942668136714443
  },
  "Double_Chance": {
    "cv_mean_accuracy": 0.7247508342034361,
    "cv_std_accuracy": 0.01270327258693465,
    "train_accuracy": 0.749379652605459,
    "val_accuracy": 0.7111356119073869
  }
}