{
  "Winner": {
    "cv_mean_accuracy": 0.5145481303032217,
    "cv_std_accuracy": 0.019859441698106706,
    "train_accuracy": 0.5347107438016528,
    "val_accuracy": 0.5165198237885462
  },
  "BTTS": {
    "cv_mean_accuracy": 0.5253299107771664,
    "cv_std_accuracy": 0.04089276234350574,
    "train_accuracy": 0.6269972451790634,
    "val_accuracy": 0.5671806167400881
  },
  "Over_1_5": {
    "cv_mean_accuracy": 0.7675121060377194,
    "cv_std_accuracy": 0.020473188563145672,
    "train_accuracy": 0.7776859504132232,
    "val_accuracy": 0.7775330396475771
  },
  "Over_2_5": {
    "cv_mean_accuracy": 0.5539771430236681,
    "cv_std_accuracy": 0.04185569639103105,
    "train_accuracy": 0.6371900826446281,
    "val_accuracy": 0.566079295154185
  },
  "Double_Chance": {
    "cv_mean_accuracy": 0.7245540072563371,
    "cv_std_accuracy": 0.011095416472319106,
    "train_accuracy": 0.7449035812672177,
    "val_accuracy": 0.723568281938326
  }
}