{
  "Winner": {
    "cv_mean_accuracy": 0.5139664804469274,
    "cv_std_accuracy": 0.016841513905177036,
    "train_accuracy": 0.5371508379888268,
    "val_accuracy": 0.5027932960893855
  },
  "BTTS": {
    "cv_mean_accuracy": 0.5264804469273743,
    "cv_std_accuracy": 0.039858054688847594,
    "train_accuracy": 0.6184357541899441,
    "val_accuracy": 0.5564245810055866
  },
  "Over_1_5": {
    "cv_mean_accuracy": 0.7772067039106145,
    "cv_std_accuracy": 0.002606012020042588,
    "train_accuracy": 0.7782122905027933,
    "val_accuracy": 0.7787709497206704
  },
  "Over_2_5": {
    "cv_mean_accuracy": 0.5555307262569832,
    "cv_std_accuracy": 0.03790592334154412,
    "train_accuracy": 0.6284916201117319,
    "val_accuracy": 0.5743016759776536
  },
  "Double_Chance": {
    "cv_mean_accuracy": 0.7255865921787709,
    "cv_std_accuracy": 0.008983129046811965,
    "train_accuracy": 0.7460893854748604,
    "val_accuracy": 0.7240223463687151
  }
}