{
  "Winner": {
    "cv_mean_accuracy": 0.5187127532777115,
    "cv_std_accuracy": 0.017761236898558075,
    "train_accuracy": 0.546916890080429,
    "val_accuracy": 0.5035714285714286
  },
  "BTTS": {
    "cv_mean_accuracy": 0.5279893864578012,
    "cv_std_accuracy": 0.038505639065405946,
    "train_accuracy": 0.6309204647006256,
    "val_accuracy": 0.5523809523809524
  },
  "Over_1_5": {
    "cv_mean_accuracy": 0.7762682331573869,
    "cv_std_accuracy": 0.0031791152739633153,
    "train_accuracy": 0.7777777777777778,
    "val_accuracy": 0.7773809523809524
  },
  "Over_2_5": {
    "cv_mean_accuracy": 0.5625393041602815,
    "cv_std_accuracy": 0.033119600837314335,
    "train_accuracy": 0.6282394995531725,
    "val_accuracy": 0.5857142857142857
  },
  "Double_Chance": {
    "cv_mean_accuracy": 0.726714058686645,
    "cv_std_accuracy": 0.014363255679260178,
    "train_accuracy": 0.7551385165326184,
    "val_accuracy": 0.7035714285714286
  }
}