{
  "Winner": {
    "cv_mean_accuracy": 0.5150900900900901,
    "cv_std_accuracy": 0.01901253116252728,
    "train_accuracy": 0.5374436936936937,
    "val_accuracy": 0.5033783783783784
  },
  "BTTS": {
    "cv_mean_accuracy": 0.5283783783783784,
    "cv_std_accuracy": 0.04164170179790836,
    "train_accuracy": 0.6309121621621622,
    "val_accuracy": 0.5585585585585585
  },
  "Over_1_5": {
    "cv_mean_accuracy": 0.7731981981981982,
    "cv_std_accuracy": 0.009909909909909897,
    "train_accuracy": 0.7778716216216216,
    "val_accuracy": 0.7781531531531531
  },
  "Over_2_5": {
    "cv_mean_accuracy": 0.556081081081081,
    "cv_std_accuracy": 0.033786786653331846,
    "train_accuracy": 0.6354166666666666,
    "val_accuracy": 0.5990990990990991
  },
  "Double_Chance": {
    "cv_mean_accuracy": 0.7234234234234235,
    "cv_std_accuracy": 0.010286655177179515,
    "train_accuracy": 0.7502815315315315,
    "val_accuracy": 0.7083333333333334
  }
}