{
  "Winner": {
    "cv_mean_accuracy": 0.5144055415184173,
    "cv_std_accuracy": 0.017530634558126597,
    "train_accuracy": 0.540293547493769,
    "val_accuracy": 0.5083056478405316
  },
  "BTTS": {
    "cv_mean_accuracy": 0.5307744817103864,
    "cv_std_accuracy": 0.04293267749401585,
    "train_accuracy": 0.635558017169759,
    "val_accuracy": 0.5526024363233666
  },
  "Over_1_5": {
    "cv_mean_accuracy": 0.771594070516362,
    "cv_std_accuracy": 0.012190392060945025,
    "train_accuracy": 0.7779008584879534,
    "val_accuracy": 0.7774086378737541
  },
  "Over_2_5": {
    "cv_mean_accuracy": 0.5580275651744738,
    "cv_std_accuracy": 0.03229352995967659,
    "train_accuracy": 0.6405427859318749,
    "val_accuracy": 0.5758582502768549
  },
  "Double_Chance": {
    "cv_mean_accuracy": 0.7239740407068823,
    "cv_std_accuracy": 0.011184446010173198,
    "train_accuracy": 0.7430074771531432,
    "val_accuracy": 0.7464008859357697
  }
}