{
  "Winner": {
    "cv_mean_accuracy": 0.5121024190331122,
    "cv_std_accuracy": 0.019794792730404253,
    "train_accuracy": 0.5368536853685368,
    "val_accuracy": 0.5010989010989011
  },
  "BTTS": {
    "cv_mean_accuracy": 0.5283736505518684,
    "cv_std_accuracy": 0.041243951789631195,
    "train_accuracy": 0.6361386138613861,
    "val_accuracy": 0.5472527472527473
  },
  "Over_1_5": {
    "cv_mean_accuracy": 0.7674858255056275,
    "cv_std_accuracy": 0.020159272082647096,
    "train_accuracy": 0.7775027502750275,
    "val_accuracy": 0.778021978021978
  },
  "Over_2_5": {
    "cv_mean_accuracy": 0.5534513231542935,
    "cv_std_accuracy": 0.041344250679838934,
    "train_accuracy": 0.6278877887788779,
    "val_accuracy": 0.5802197802197803
  },
  "Double_Chance": {
    "cv_mean_accuracy": 0.723935976015184,
    "cv_std_accuracy": 0.009878112649552987,
    "train_accuracy": 0.7497249724972497,
    "val_accuracy": 0.7120879120879121
  }
}