{
  "Winner": {
    "cv_mean_accuracy": 0.5132803632236095,
    "cv_std_accuracy": 0.019573359178024864,
    "train_accuracy": 0.5400113507377979,
    "val_accuracy": 0.5209988649262202
  },
  "BTTS": {
    "cv_mean_accuracy": 0.5293984108967082,
    "cv_std_accuracy": 0.040384387378616576,
    "train_accuracy": 0.6271282633371169,
    "val_accuracy": 0.5357548240635641
  },
  "Over_1_5": {
    "cv_mean_accuracy": 0.7688989784335982,
    "cv_std_accuracy": 0.01725312145289446,
    "train_accuracy": 0.7775255391600454,
    "val_accuracy": 0.7775255391600454
  },
  "Over_2_5": {
    "cv_mean_accuracy": 0.5575482406356413,
    "cv_std_accuracy": 0.03362884755893976,
    "train_accuracy": 0.630249716231555,
    "val_accuracy": 0.5709421112372304
  },
  "Double_Chance": {
    "cv_mean_accuracy": 0.7234960272417708,
    "cv_std_accuracy": 0.00912588024619378,
    "train_accuracy": 0.746311010215664,
    "val_accuracy": 0.7275822928490352
  }
}