{
  "Winner": {
    "cv_mean_accuracy": 0.5200734139809771,
    "cv_std_accuracy": 0.021551462608256744,
    "train_accuracy": 0.5465745192307693,
    "val_accuracy": 0.5042016806722689
  },
  "BTTS": {
    "cv_mean_accuracy": 0.5258311016714379,
    "cv_std_accuracy": 0.04014426018991903,
    "train_accuracy": 0.6262019230769231,
    "val_accuracy": 0.5546218487394958
  },
  "Over_1_5": {
    "cv_mean_accuracy": 0.7719283867393111,
    "cv_std_accuracy": 0.013372943261418324,
    "train_accuracy": 0.7785456730769231,
    "val_accuracy": 0.7791116446578632
  },
  "Over_2_5": {
    "cv_mean_accuracy": 0.5609200410933604,
    "cv_std_accuracy": 0.03097783054694676,
    "train_accuracy": 0.6364182692307693,
    "val_accuracy": 0.5870348139255702
  },
  "Double_Chance": {
    "cv_mean_accuracy": 0.7257892580108967,
    "cv_std_accuracy": 0.010428987916821371,
    "train_accuracy": 0.7475961538461539,
    "val_accuracy": 0.7250900360144058
  }
}