{
  "Winner": {
    "cv_mean_accuracy": 0.5153169889744135,
    "cv_std_accuracy": 0.02089864138988592,
    "train_accuracy": 0.5384169324441868,
    "val_accuracy": 0.5086906141367323
  },
  "BTTS": {
    "cv_mean_accuracy": 0.5236486867964502,
    "cv_std_accuracy": 0.04061864625414189,
    "train_accuracy": 0.6259785445056538,
    "val_accuracy": 0.5550405561993047
  },
  "Over_1_5": {
    "cv_mean_accuracy": 0.773653122840789,
    "cv_std_accuracy": 0.007477104353704238,
    "train_accuracy": 0.7773267613801101,
    "val_accuracy": 0.7775202780996524
  },
  "Over_2_5": {
    "cv_mean_accuracy": 0.5589004524765226,
    "cv_std_accuracy": 0.040899543155746426,
    "train_accuracy": 0.6349666570020296,
    "val_accuracy": 0.5666280417149478
  },
  "Double_Chance": {
    "cv_mean_accuracy": 0.723102650066003,
    "cv_std_accuracy": 0.011710686697747955,
    "train_accuracy": 0.7457233980864019,
    "val_accuracy": 0.7346465816917729
  }
}