{
  "Winner": {
    "cv_mean_accuracy": 0.5207100591715976,
    "cv_std_accuracy": 0.01899016419713594,
    "train_accuracy": 0.5383022774327122,
    "val_accuracy": 0.5141843971631206
  },
  "BTTS": {
    "cv_mean_accuracy": 0.5244794158378446,
    "cv_std_accuracy": 0.03794222909674486,
    "train_accuracy": 0.6234841762792074,
    "val_accuracy": 0.549645390070922
  },
  "Over_1_5": {
    "cv_mean_accuracy": 0.7717033866297369,
    "cv_std_accuracy": 0.010711652559737423,
    "train_accuracy": 0.7769890564921621,
    "val_accuracy": 0.776595744680851
  },
  "Over_2_5": {
    "cv_mean_accuracy": 0.5561788856715207,
    "cv_std_accuracy": 0.03802333427262066,
    "train_accuracy": 0.639751552795031,
    "val_accuracy": 0.6016548463356974
  },
  "Double_Chance": {
    "cv_mean_accuracy": 0.7265239833815939,
    "cv_std_accuracy": 0.012122667901814693,
    "train_accuracy": 0.7441585329784087,
    "val_accuracy": 0.7446808510638298
  }
}