{
  "Winner": {
    "cv_mean_accuracy": 0.5151317795421562,
    "cv_std_accuracy": 0.01974765600423638,
    "train_accuracy": 0.5354678443279051,
    "val_accuracy": 0.5132450331125827
  },
  "BTTS": {
    "cv_mean_accuracy": 0.5281343529325674,
    "cv_std_accuracy": 0.040513593499489256,
    "train_accuracy": 0.6257245376759591,
    "val_accuracy": 0.5507726269315674
  },
  "Over_1_5": {
    "cv_mean_accuracy": 0.7694781261815032,
    "cv_std_accuracy": 0.016788705233173266,
    "train_accuracy": 0.7778084460391941,
    "val_accuracy": 0.7781456953642384
  },
  "Over_2_5": {
    "cv_mean_accuracy": 0.5539670459673387,
    "cv_std_accuracy": 0.04234619457585398,
    "train_accuracy": 0.6257245376759591,
    "val_accuracy": 0.5761589403973509
  },
  "Double_Chance": {
    "cv_mean_accuracy": 0.7246662519971216,
    "cv_std_accuracy": 0.009930834475599984,
    "train_accuracy": 0.745514766767872,
    "val_accuracy": 0.739514348785872
  }
}