{
  "Winner": {
    "cv_mean_accuracy": 0.5159956507067601,
    "cv_std_accuracy": 0.017021238234054305,
    "train_accuracy": 0.537751677852349,
    "val_accuracy": 0.5106145251396648
  },
  "BTTS": {
    "cv_mean_accuracy": 0.5316438578730956,
    "cv_std_accuracy": 0.0433938479100379,
    "train_accuracy": 0.6247203579418344,
    "val_accuracy": 0.5463687150837989
  },
  "Over_1_5": {
    "cv_mean_accuracy": 0.7756649544449028,
    "cv_std_accuracy": 0.005292874317581654,
    "train_accuracy": 0.7782438478747203,
    "val_accuracy": 0.7776536312849162
  },
  "Over_2_5": {
    "cv_mean_accuracy": 0.5544601502255884,
    "cv_std_accuracy": 0.032618563547939176,
    "train_accuracy": 0.6286353467561522,
    "val_accuracy": 0.5698324022346368
  },
  "Double_Chance": {
    "cv_mean_accuracy": 0.7244492769924886,
    "cv_std_accuracy": 0.010665519152816327,
    "train_accuracy": 0.7477628635346756,
    "val_accuracy": 0.7329608938547486
  }
}