{
  "Winner": {
    "cv_mean_accuracy": 0.5147449445531638,
    "cv_std_accuracy": 0.01975779404768377,
    "train_accuracy": 0.540131391031134,
    "val_accuracy": 0.5034246575342466
  },
  "BTTS": {
    "cv_mean_accuracy": 0.5277531637312458,
    "cv_std_accuracy": 0.04174955488199654,
    "train_accuracy": 0.618966009711511,
    "val_accuracy": 0.5468036529680366
  },
  "Over_1_5": {
    "cv_mean_accuracy": 0.773358904109589,
    "cv_std_accuracy": 0.008973966660244942,
    "train_accuracy": 0.7777777777777778,
    "val_accuracy": 0.7773972602739726
  },
  "Over_2_5": {
    "cv_mean_accuracy": 0.5556240052185257,
    "cv_std_accuracy": 0.04097401089558656,
    "train_accuracy": 0.6343901742359326,
    "val_accuracy": 0.569634703196347
  },
  "Double_Chance": {
    "cv_mean_accuracy": 0.7258434442270059,
    "cv_std_accuracy": 0.008933712901875413,
    "train_accuracy": 0.7449300199942873,
    "val_accuracy": 0.7408675799086758
  }
}