{
  "Winner": {
    "cv_mean_accuracy": 0.5190478885233003,
    "cv_std_accuracy": 0.023084099980313154,
    "train_accuracy": 0.5403600464576074,
    "val_accuracy": 0.5150812064965197
  },
  "BTTS": {
    "cv_mean_accuracy": 0.5290244171914705,
    "cv_std_accuracy": 0.04123098319015854,
    "train_accuracy": 0.625725900116144,
    "val_accuracy": 0.5498839907192575
  },
  "Over_1_5": {
    "cv_mean_accuracy": 0.7721771748708537,
    "cv_std_accuracy": 0.010371481210408038,
    "train_accuracy": 0.7772938443670151,
    "val_accuracy": 0.777262180974478
  },
  "Over_2_5": {
    "cv_mean_accuracy": 0.5650260987197211,
    "cv_std_accuracy": 0.029861680720274654,
    "train_accuracy": 0.6379210220673636,
    "val_accuracy": 0.5765661252900232
  },
  "Double_Chance": {
    "cv_mean_accuracy": 0.72550102266021,
    "cv_std_accuracy": 0.011279042926193968,
    "train_accuracy": 0.7482578397212544,
    "val_accuracy": 0.7238979118329466
  }
}