{
  "Winner": {
    "cv_mean_accuracy": 0.5131987831987832,
    "cv_std_accuracy": 0.021053939113734075,
    "train_accuracy": 0.5412273587456069,
    "val_accuracy": 0.5156756756756756
  },
  "BTTS": {
    "cv_mean_accuracy": 0.5285293085293085,
    "cv_std_accuracy": 0.040944101727116405,
    "train_accuracy": 0.6274668829413355,
    "val_accuracy": 0.547027027027027
  },
  "Over_1_5": {
    "cv_mean_accuracy": 0.7718385398385399,
    "cv_std_accuracy": 0.009305317974911674,
    "train_accuracy": 0.7766964044336307,
    "val_accuracy": 0.7762162162162162
  },
  "Over_2_5": {
    "cv_mean_accuracy": 0.5627008307008308,
    "cv_std_accuracy": 0.036827096186039535,
    "train_accuracy": 0.635036496350365,
    "val_accuracy": 0.5848648648648649
  },
  "Double_Chance": {
    "cv_mean_accuracy": 0.7203746343746344,
    "cv_std_accuracy": 0.00946246049298659,
    "train_accuracy": 0.7453365774533658,
    "val_accuracy": 0.7221621621621621
  }
}