{
  "Winner": {
    "cv_mean_accuracy": 0.5194954526520411,
    "cv_std_accuracy": 0.01846818523031716,
    "train_accuracy": 0.5439229843561973,
    "val_accuracy": 0.5060096153846154
  },
  "BTTS": {
    "cv_mean_accuracy": 0.5257408243080626,
    "cv_std_accuracy": 0.040295995739544316,
    "train_accuracy": 0.6233453670276775,
    "val_accuracy": 0.5540865384615384
  },
  "Over_1_5": {
    "cv_mean_accuracy": 0.7738200615569749,
    "cv_std_accuracy": 0.009059281097718109,
    "train_accuracy": 0.7782791817087846,
    "val_accuracy": 0.7788461538461539
  },
  "Over_2_5": {
    "cv_mean_accuracy": 0.5613556419513099,
    "cv_std_accuracy": 0.029147041312243747,
    "train_accuracy": 0.628158844765343,
    "val_accuracy": 0.6177884615384616
  },
  "Double_Chance": {
    "cv_mean_accuracy": 0.7281067758955846,
    "cv_std_accuracy": 0.011086570050485875,
    "train_accuracy": 0.7430806257521059,
    "val_accuracy": 0.7415865384615384
  }
}
