{
  "Winner": {
    "cv_mean_accuracy": 0.5138193688792165,
    "cv_std_accuracy": 0.019163612589990258,
    "train_accuracy": 0.5350924918389554,
    "val_accuracy": 0.5114254624591947
  },
  "BTTS": {
    "cv_mean_accuracy": 0.5290533188248095,
    "cv_std_accuracy": 0.03990015494057086,
    "train_accuracy": 0.6142546245919478,
    "val_accuracy": 0.5484221980413493
  },
  "Over_1_5": {
    "cv_mean_accuracy": 0.7736670293797607,
    "cv_std_accuracy": 0.005999585963913076,
    "train_accuracy": 0.7763873775843307,
    "val_accuracy": 0.7769314472252449
  },
  "Over_2_5": {
    "cv_mean_accuracy": 0.5510337323177367,
    "cv_std_accuracy": 0.042326240314093405,
    "train_accuracy": 0.6430903155603918,
    "val_accuracy": 0.5712731229597389
  },
  "Double_Chance": {
    "cv_mean_accuracy": 0.7257889009793254,
    "cv_std_accuracy": 0.011999171927826083,
    "train_accuracy": 0.7521762785636561,
    "val_accuracy": 0.7138193688792165
  }
}