{
  "Winner": {
    "cv_mean_accuracy": 0.5178382902021372,
    "cv_std_accuracy": 0.020580861525515817,
    "train_accuracy": 0.5385060799073538,
    "val_accuracy": 0.5162037037037037
  },
  "BTTS": {
    "cv_mean_accuracy": 0.5280100639457534,
    "cv_std_accuracy": 0.04198319648439098,
    "train_accuracy": 0.6294151708164447,
    "val_accuracy": 0.5462962962962963
  },
  "Over_1_5": {
    "cv_mean_accuracy": 0.7730400519291017,
    "cv_std_accuracy": 0.008778318354558222,
    "train_accuracy": 0.7773595830920672,
    "val_accuracy": 0.7777777777777778
  },
  "Over_2_5": {
    "cv_mean_accuracy": 0.5618219175142698,
    "cv_std_accuracy": 0.04104379087988729,
    "train_accuracy": 0.6375217139548349,
    "val_accuracy": 0.5821759259259259
  },
  "Double_Chance": {
    "cv_mean_accuracy": 0.7246470108579031,
    "cv_std_accuracy": 0.011282360118614485,
    "train_accuracy": 0.7492762015055009,
    "val_accuracy": 0.7326388888888888
  }
}