{
  "Winner": {
    "cv_mean_accuracy": 0.512087912087912,
    "cv_std_accuracy": 0.01890620937811565,
    "train_accuracy": 0.5417582417582417,
    "val_accuracy": 0.4912087912087912
  },
  "BTTS": {
    "cv_mean_accuracy": 0.5228571428571429,
    "cv_std_accuracy": 0.03890420301764464,
    "train_accuracy": 0.6304945054945055,
    "val_accuracy": 0.532967032967033
  },
  "Over_1_5": {
    "cv_mean_accuracy": 0.7681318681318682,
    "cv_std_accuracy": 0.018136862449035417,
    "train_accuracy": 0.7771978021978022,
    "val_accuracy": 0.7769230769230769
  },
  "Over_2_5": {
    "cv_mean_accuracy": 0.5525274725274726,
    "cv_std_accuracy": 0.04524163946312552,
    "train_accuracy": 0.6274725274725275,
    "val_accuracy": 0.578021978021978
  },
  "Double_Chance": {
    "cv_mean_accuracy": 0.7217582417582418,
    "cv_std_accuracy": 0.009912063546179935,
    "train_accuracy": 0.7431318681318682,
    "val_accuracy": 0.7373626373626374
  }
}