{
  "Winner": {
    "cv_mean_accuracy": 0.5149372862029645,
    "cv_std_accuracy": 0.019385605963378245,
    "train_accuracy": 0.5381984036488028,
    "val_accuracy": 0.49942987457240595
  },
  "BTTS": {
    "cv_mean_accuracy": 0.5256556442417332,
    "cv_std_accuracy": 0.04040415794467261,
    "train_accuracy": 0.6225769669327252,
    "val_accuracy": 0.5610034207525656
  },
  "Over_1_5": {
    "cv_mean_accuracy": 0.7726339794754846,
    "cv_std_accuracy": 0.010034207525655647,
    "train_accuracy": 0.7776510832383124,
    "val_accuracy": 0.7776510832383124
  },
  "Over_2_5": {
    "cv_mean_accuracy": 0.5598631698973774,
    "cv_std_accuracy": 0.030562126463399685,
    "train_accuracy": 0.6279931584948689,
    "val_accuracy": 0.580387685290764
  },
  "Double_Chance": {
    "cv_mean_accuracy": 0.7245153933865451,
    "cv_std_accuracy": 0.01071107736904662,
    "train_accuracy": 0.7440136830102623,
    "val_accuracy": 0.7320410490307868
  }
}