{
  "Winner": {
    "cv_mean_accuracy": 0.5138383048275056,
    "cv_std_accuracy": 0.018648169663077717,
    "train_accuracy": 0.5413513513513514,
    "val_accuracy": 0.521598272138229
  },
  "BTTS": {
    "cv_mean_accuracy": 0.5278827855933688,
    "cv_std_accuracy": 0.041202351702649076,
    "train_accuracy": 0.6394594594594595,
    "val_accuracy": 0.5421166306695464
  },
  "Over_1_5": {
    "cv_mean_accuracy": 0.773237522619812,
    "cv_std_accuracy": 0.007172576827130248,
    "train_accuracy": 0.7767567567567567,
    "val_accuracy": 0.7764578833693304
  },
  "Over_2_5": {
    "cv_mean_accuracy": 0.5551211254450996,
    "cv_std_accuracy": 0.04359006072702047,
    "train_accuracy": 0.6283783783783784,
    "val_accuracy": 0.5799136069114471
  },
  "Double_Chance": {
    "cv_mean_accuracy": 0.7226562372307513,
    "cv_std_accuracy": 0.009849658308613748,
    "train_accuracy": 0.7467567567567568,
    "val_accuracy": 0.7192224622030238
  }
}