{
  "Winner": {
    "cv_mean_accuracy": 0.5146884661333415,
    "cv_std_accuracy": 0.02165968597152703,
    "train_accuracy": 0.5406943653955606,
    "val_accuracy": 0.5017064846416383
  },
  "BTTS": {
    "cv_mean_accuracy": 0.5258224685848746,
    "cv_std_accuracy": 0.04071628743194896,
    "train_accuracy": 0.6331815594763802,
    "val_accuracy": 0.5494880546075085
  },
  "Over_1_5": {
    "cv_mean_accuracy": 0.775322703113136,
    "cv_std_accuracy": 0.004990983999754118,
    "train_accuracy": 0.7777461582242459,
    "val_accuracy": 0.7781569965870307
  },
  "Over_2_5": {
    "cv_mean_accuracy": 0.5636136529137221,
    "cv_std_accuracy": 0.03330835987517468,
    "train_accuracy": 0.6360273192942516,
    "val_accuracy": 0.6040955631399317
  },
  "Double_Chance": {
    "cv_mean_accuracy": 0.7227466498739249,
    "cv_std_accuracy": 0.012474205889778359,
    "train_accuracy": 0.7453044963005122,
    "val_accuracy": 0.7394766780432309
  }
}